,first_name,last_names,cohort_id,weeks_completed,date_on_file
0,Quintus,Penella,Business_20,1,2019/02/11
1,Simon,Murrey,Business_20,2,2019/02/11
2,Gustaf,Lude,Business_20,8,2019/02/11
3,Yolanda,Fosse,Business_20,8,2019/02/11
4,Lynnett,Swin,Business_20,8,2019/02/11
5,Bart,Godilington,Business_20,8,2019/02/11
6,Deni,Roust,Business_20,8,2019/02/11
7,Gerhard,Mcgrath,Business_20,8,2019/02/11
8,Benedick,Arnhold,Business_21,8,2019/03/18
9,Herminia,Brettel,Business_21,8,2019/03/18
10,Nicolai,Nussey,Business_21,8,2019/03/18
11,Elora,Ellen,Business_21,8,2019/03/18
12,Llywellyn,Hoggins,Business_21,3,2019/03/18
13,Bobbye,Hains,Business_21,8,2019/03/18
14,Audrye,Tobias,Business_21,8,2019/03/18
15,Georg,Battman,Business_21,8,2019/03/18
16,Adolph,Andreia,Business_21,8,2019/03/18
17,Ilaire,Ord,Business_21,8,2019/03/18
18,Thorpe,Pettett,Business_21,8,2019/03/18
19,Tiphany,Gribben,Business_21,2,2019/03/18
20,Pam,Hupka,Business_21,8,2019/03/18
21,Verne,Francescuzzi,Business_22,8,2019/04/15
22,Audi,Westmacott,Business_22,8,2019/04/15
23,Gae,Crutch,Business_22,8,2019/04/15
24,Fowler,Crewdson,Business_22,8,2019/04/15
25,Joletta,Matzaitis,Business_22,8,2019/04/15
26,Ofelia,Helm,Business_22,8,2019/04/15
27,Quinton,Kuhnt,Business_22,8,2019/04/15
28,Frankie,Mabee,Business_22,8,2019/04/15
29,Cami,Burberow,Business_22,8,2019/04/15
30,Gayla,Bownas,Business_22,8,2019/04/15
31,Latisha,Ibel,Business_22,8,2019/04/15
32,Darb,Noor,Business_23,8,2019/05/20
33,Adah,Spencers,Business_23,8,2019/05/20
34,Kariotta,Barense,Business_23,8,2019/05/20
35,Biddy,Rapps,Business_23,8,2019/05/20
36,Thatcher,Frankish,Business_23,8,2019/05/20
37,Idelle,Kidstoun,Business_23,8,2019/05/20
38,Bailey,Antrim,Business_23,8,2019/05/20
39,William,Dryden,Business_23,8,2019/05/20
40,Dean,Burnup,Business_23,2,2019/05/20
41,Burtie,Garfitt,Business_23,8,2019/05/20
42,Maggy,Clapison,Business_23,8,2019/05/20
43,Julia,Llorens,Business_23,8,2019/05/20
44,Sanford,Larking,Business_24,8,2019/07/15
45,Ulrika,Lemerie,Business_24,8,2019/07/15
46,Alidia,Govett,Business_24,8,2019/07/15
47,Angel,Matteau,Business_24,8,2019/07/15
48,Wolfie,Showers,Business_24,8,2019/07/15
49,Nicolea,Gibbins,Business_24,8,2019/07/15
50,Florina,Sudlow,Business_24,8,2019/07/15
51,Dianna,Brewett,Business_24,8,2019/07/15
52,Megan,Hallihan,Business_24,1,2019/07/15
53,Sherlocke,Baselio,Business_24,8,2019/07/15
54,Keen,Tripony,Business_24,8,2019/07/15
55,Collete,Causbey,Business_24,8,2019/07/15
56,Gabi,Ivins,Business_25,10,2019/07/29
57,Melodee,Crippen,Business_25,10,2019/07/29
58,Wilt,Gotliffe,Business_25,2,2019/07/29
59,Mela,Burgill,Business_25,10,2019/07/29
60,Uriel,Eidelman,Business_25,10,2019/07/29
61,Vivienne,Blakelock,Business_25,3,2019/07/29
62,Auberon,Werny,Business_25,10,2019/07/29
63,Nikolaus,Gullefant,Business_25,10,2019/07/29
64,Prentice,VanDerHoeven,Business_25,10,2019/07/29
65,Alikee,Sawood,Business_25,10,2019/07/29
66,Guido,Lassells,Business_25,2,2019/07/29
67,Verena,Townes,Business_25,10,2019/07/29
68,Kylie,Cordell,Business_25,10,2019/07/29
69,Cornelia,Artist,Business_26,8,2019/08/12
70,Hanni,Katt,Business_26,8,2019/08/12
71,Eric,Spritt,Business_26,8,2019/08/12
72,Merrill,Mckie,Business_26,8,2019/08/12
73,Marcela,Riding,Business_26,2,2019/08/12
74,Lea,Normington,Business_26,8,2019/08/12
75,Aguste,Tann,Business_26,8,2019/08/12
76,Anet,Satterley,Business_26,8,2019/08/12
77,Agace,O'Shields,Business_26,8,2019/08/12
78,Matteo,Yeowell,Business_27,8,2019/09/16
79,Deck,Itzchaki,Business_27,8,2019/09/16
80,Tarrah,Bunny,Business_27,8,2019/09/16
81,Fairlie,Cogzell,Business_27,8,2019/09/16
82,Robinet,Renwick,Business_27,8,2019/09/16
83,Boote,Moan,Business_27,8,2019/09/16
84,Vaughn,Wallington,Business_27,8,2019/09/16
85,Jim,Dwerryhouse,Business_27,8,2019/09/16
86,Harriett,Saffin,Business_27,8,2019/09/16
87,Omero,Shill,Business_27,8,2019/09/16
88,Casey,Putten,Business_28,8,2019/10/21
89,Una,Caldicot,Business_28,8,2019/10/21
90,Riva,Mangeot,Business_28,8,2019/10/21
91,Gery,Marchment,Business_28,8,2019/10/21
92,Brendan,Tithecott,Business_28,8,2019/10/21
93,Dorice,Slides,Business_28,2,2019/10/21
94,Kalinda,Leebetter,Business_28,8,2019/10/21
95,Fifi,Kingsly,Business_28,8,2019/10/21
96,Zollie,Danks,Business_28,8,2019/10/21
97,Katleen,Trunks,Business_28,8,2019/10/21
98,Heida,Cossom,Business_28,8,2019/10/21
99,Nicola,Lavall,Business_28,8,2019/10/21
100,Rossie,Caitlin,Business_29,10,2019/11/18
101,Marmaduke,Kiefer,Business_29,10,2019/11/18
102,Dina,Mcgookin,Business_29,10,2019/11/18
103,Reuven,Kneaphsey,Business_29,10,2019/11/18
104,Stephi,Duckering,Business_29,10,2019/11/18
105,Homer,Sebborn,Business_29,10,2019/11/18
106,Say,Kleinhausen,Business_29,10,2019/11/18
107,Tyler,Traynor,Business_29,10,2019/11/18
108,Johnath,Tufts,Business_29,10,2019/11/18
109,Kristin,Bardill,Business_29,10,2019/11/18
110,Timmie,Knudsen,Business_30,10,2019/12/30
111,Mona,Orviss,Business_30,10,2019/12/30
112,Everett,O'Clery,Business_30,10,2019/12/30
113,Konstanze,Trynor,Business_30,10,2019/12/30
114,Robinett,Mcphate,Business_30,10,2019/12/30
115,Ronda,Aggis,Business_30,10,2019/12/30
116,Caril,Bayly,Business_30,10,2019/12/30
117,Mari,Lotterington,Business_30,10,2019/12/30
118,Jacquelynn,Savin,Business_30,10,2019/12/30
119,Ives,Weddell,Business_30,10,2019/12/30
120,Gerda,Yuille,Business_30,10,2019/12/30
121,Pyotr,DeZuani,Data_28,3,2019/02/18
122,Vince,Scott,Data_28,8,2019/02/18
123,Kellie,Althorp,Data_28,8,2019/02/18
124,Aida,Bothams,Data_28,8,2019/02/18
125,Nettie,Civitillo,Data_28,8,2019/02/18
126,Bernadette,Gerardi,Data_28,8,2019/02/18
127,Teddy,Ham,Data_28,8,2019/02/18
128,Ivory,Linnemann,Data_28,8,2019/02/18
129,Onida,Tregear,Data_28,8,2019/02/18
130,Jacki,Pinkstone,Data_28,8,2019/02/18
131,Kaleb,Cappel,Data_28,8,2019/02/18
132,Gussy,Mathias,Data_29,10,2019/03/04
133,Shawn,Bowmer,Data_29,10,2019/03/04
134,Arda,Disbrow,Data_29,10,2019/03/04
135,El,Durante,Data_29,10,2019/03/04
136,Dionysus,Garter,Data_29,10,2019/03/04
137,Connor,Gegg,Data_29,1,2019/03/04
138,Barrie,Schruurs,Data_29,10,2019/03/04
139,Fletcher,Ayllett,Data_29,10,2019/03/04
140,Slade,Cannavan,Data_29,10,2019/03/04
141,Bert,Spall,Data_29,10,2019/03/04
142,Denyse,Worley,Data_30,8,2019/04/08
143,Jard,Antonowicz,Data_30,8,2019/04/08
144,Burtie,Clubley,Data_30,8,2019/04/08
145,Idaline,Gadeaux,Data_30,8,2019/04/08
146,Gaspard,Dunn,Data_30,8,2019/04/08
147,Reg,Mcreynold,Data_30,8,2019/04/08
148,Penni,Grioli,Data_30,8,2019/04/08
149,Kial,Gowdy,Data_30,8,2019/04/08
150,Haskell,Mcdonnell,Data_30,8,2019/04/08
151,Jeffy,Dudding,Data_30,8,2019/04/08
152,Damaris,Vallance,Data_30,8,2019/04/08
153,Stacee,Kidson,Data_30,8,2019/04/08
154,Anica,Vallis,Data_30,8,2019/04/08
155,Emmey,Wadforth,Data_31,10,2019/05/20
156,Sayer,Weedon,Data_31,10,2019/05/20
157,Norbie,Iacobucci,Data_31,1,2019/05/20
158,Lynnell,Samber,Data_31,10,2019/05/20
159,Hogan,Bushnell,Data_31,10,2019/05/20
160,Scott,Duny,Data_31,10,2019/05/20
161,Viv,Newby,Data_31,10,2019/05/20
162,Louise,Dowse,Data_31,10,2019/05/20
163,Haroun,Mccrohon,Data_31,10,2019/05/20
164,Devan,Claricoats,Data_31,10,2019/05/20
165,Matthaeus,Audas,Data_31,10,2019/05/20
166,Halsey,Broader,Data_31,10,2019/05/20
167,Rina,Soffe,Data_31,10,2019/05/20
168,Marcy,Treat,Data_32,8,2019/07/22
169,Heindrick,Mckiddin,Data_32,8,2019/07/22
170,Danella,Winkett,Data_32,8,2019/07/22
171,Darrin,Perrelle,Data_32,8,2019/07/22
172,Janelle,Forbear,Data_32,8,2019/07/22
173,Sorcha,Argue,Data_32,8,2019/07/22
174,Toddie,Rubanenko,Data_32,8,2019/07/22
175,Selby,Floyd,Data_32,8,2019/07/22
176,Claudio,Handrick,Data_32,8,2019/07/22
177,Kingston,Comsty,Data_32,8,2019/07/22
178,Benedikt,Cohani,Data_32,8,2019/07/22
179,Morgen,Lilywhite,Data_32,8,2019/07/22
180,Job,Restall,Data_32,8,2019/07/22
181,Wilhelm,Jouanet,Data_32,8,2019/07/22
182,Malvina,Whiteford,Data_33,10,2019/08/05
183,Belle,Catherall,Data_33,10,2019/08/05
184,Ortensia,Winscomb,Data_33,10,2019/08/05
185,Staffard,Load,Data_33,10,2019/08/05
186,Bowie,Endersby,Data_33,10,2019/08/05
187,Tonye,Ambrogio,Data_33,10,2019/08/05
188,Celina,Polley,Data_33,10,2019/08/05
189,Muhammad,Linn,Data_33,10,2019/08/05
190,Farica,Harding,Data_33,10,2019/08/05
191,Marquita,Forrington,Data_33,10,2019/08/05
192,Muffin,Jandel,Data_33,3,2019/08/05
193,Nadya,Pineaux,Data_33,10,2019/08/05
194,Dewitt,Milborn,Data_33,1,2019/08/05
195,Levy,Standage,Data_33,10,2019/08/05
196,Silvain,Kuhwald,Data_34,10,2019/08/19
197,Aguie,Morrad,Data_34,10,2019/08/19
198,Bertram,Esgate,Data_34,10,2019/08/19
199,Marlon,Reside,Data_34,10,2019/08/19
200,Micheal,DiMatteo,Data_34,10,2019/08/19
201,Regina,Calver,Data_34,10,2019/08/19
202,Jodie,Kaygill,Data_34,10,2019/08/19
203,Ingunna,Adin,Data_34,10,2019/08/19
204,Carlos,Gerckens,Data_34,10,2019/08/19
205,Sherline,Cudihy,Data_34,10,2019/08/19
206,Trudie,Kiellor,Data_34,10,2019/08/19
207,Edvard,Northen,Data_35,10,2019/09/23
208,Alwin,Bullman,Data_35,10,2019/09/23
209,Bob,Rogerson,Data_35,10,2019/09/23
210,Kerr,Coucha,Data_35,10,2019/09/23
211,Nancie,Mehaffey,Data_35,10,2019/09/23
212,Violet,Luscombe,Data_35,10,2019/09/23
213,Cora,Klausewitz,Data_35,10,2019/09/23
214,Scarface,Gallihaulk,Data_35,10,2019/09/23
215,Anna,Lamperti,Data_35,10,2019/09/23
216,Collin,Commins,Data_35,10,2019/09/23
217,Chrissy,Bartholin,Data_35,2,2019/09/23
218,Baird,Reynoollds,Data_35,10,2019/09/23
219,Vasili,Cartledge,Data_35,10,2019/09/23
220,Otes,Kemster,Data_36,10,2019/10/28
221,Kahaleel,Tatem,Data_36,10,2019/10/28
222,Antonetta,Rustedge,Data_36,10,2019/10/28
223,Anestassia,Gadman,Data_36,10,2019/10/28
224,Babara,Veazey,Data_36,3,2019/10/28
225,Candie,Senner,Data_36,3,2019/10/28
226,Sydelle,Russo,Data_36,10,2019/10/28
227,Warner,Harse,Data_36,10,2019/10/28
228,Tabbatha,Kullmann,Data_36,10,2019/10/28
229,Drucie,Bianco,Data_36,10,2019/10/28
230,Malvin,Penrith,Data_36,1,2019/10/28
231,Clay,Perillo,Data_36,10,2019/10/28
232,Sandy,Droogan,Data_37,2,2019/11/18
233,Othilia,Hutton,Data_37,10,2019/11/18
234,Lindon,Mee,Data_37,10,2019/11/18
235,Danella,Leisk,Data_37,10,2019/11/18
236,Waylan,Gors,Data_37,10,2019/11/18
237,Gisela,Andrea,Data_37,10,2019/11/18
238,Augusta,Gilfoy,Data_37,10,2019/11/18
239,Pier,Spatig,Data_37,2,2019/11/18
240,Brenna,Mcgroarty,Data_37,10,2019/11/18
241,Susannah,Bengough,Data_38,8,2019/12/16
242,Madison,Getch,Data_38,8,2019/12/16
243,Leicester,Banker,Data_38,8,2019/12/16
244,Murvyn,Aers,Data_38,8,2019/12/16
245,Morley,Battell,Data_38,8,2019/12/16
246,Juliane,Jacobssen,Data_38,8,2019/12/16
247,Teirtza,Docharty,Data_38,1,2019/12/16
248,Arny,Dobrowolny,Data_38,8,2019/12/16
249,Derby,Mcglashan,Data_38,8,2019/12/16
250,Sharron,Starling,Data_38,3,2019/12/16
251,Amalea,Harrell,Data_38,2,2019/12/16
252,Finn,Maasze,Data_38,8,2019/12/16
253,Gianina,Wandless,Data_39,8,2019/12/30
254,Kaitlyn,Chagg,Data_39,8,2019/12/30
255,Scotti,Bromfield,Data_39,8,2019/12/30
256,Genovera,Mattek,Data_39,8,2019/12/30
257,Yorgos,O'Rourke,Data_39,8,2019/12/30
258,Sigrid,Veitch,Engineering_17,10,2019/02/18
259,Rodrick,Henworth,Engineering_17,10,2019/02/18
260,Reggie,Lawlor,Engineering_17,10,2019/02/18
261,Thornton,Thuillier,Engineering_17,10,2019/02/18
262,Thomasine,Poundford,Engineering_17,10,2019/02/18
263,Wakefield,Jeves,Engineering_17,10,2019/02/18
264,Ced,Danielut,Engineering_17,10,2019/02/18
265,Austin,Brister,Engineering_17,10,2019/02/18
266,Windham,Biagi,Engineering_17,2,2019/02/18
267,Wendy,Ducastel,Engineering_17,10,2019/02/18
268,Daryle,Janoch,Engineering_17,10,2019/02/18
269,Aluino,Sainter,Engineering_17,10,2019/02/18
270,Magda,Mckirton,Engineering_17,10,2019/02/18
271,Caryn,Adriaan,Engineering_17,10,2019/02/18
272,Redd,Jurges,Engineering_18,8,2019/04/01
273,Fabian,Exell,Engineering_18,8,2019/04/01
274,Solly,Kollas,Engineering_18,8,2019/04/01
275,Barbabas,Huygens,Engineering_18,8,2019/04/01
276,Liuka,Drissell,Engineering_18,8,2019/04/01
277,Vikki,Godsal,Engineering_18,8,2019/04/01
278,Ealasaid,Badcock,Engineering_18,8,2019/04/01
279,Gal,Wallwood,Engineering_18,8,2019/04/01
280,Lotte,Witherop,Engineering_18,8,2019/04/01
281,Bella,Tarbox,Engineering_18,8,2019/04/01
282,Gabby,Neilson,Engineering_18,8,2019/04/01
283,Zitella,Hembery,Engineering_18,3,2019/04/01
284,Danielle,Absolom,Engineering_19,10,2019/04/29
285,Hughie,Yeliashev,Engineering_19,10,2019/04/29
286,Sher,Biesinger,Engineering_19,10,2019/04/29
287,Pepe,Bendig,Engineering_19,10,2019/04/29
288,Neal,Ginglell,Engineering_19,10,2019/04/29
289,Rozamond,Wilton,Engineering_19,10,2019/04/29
290,Glenn,Coaker,Engineering_19,10,2019/04/29
291,Daisy,Brims,Engineering_19,10,2019/04/29
292,Lalo,Halton,Engineering_19,10,2019/04/29
293,Palm,Jakovijevic,Engineering_19,10,2019/04/29
294,Yelena,Kelleway,Engineering_19,10,2019/04/29
295,Lay,Trosdall,Engineering_19,10,2019/04/29
296,Kayle,Ferenc,Engineering_19,10,2019/04/29
297,Law,Massen,Engineering_20,10,2019/05/27
298,Aldridge,DuFray,Engineering_20,10,2019/05/27
299,Horatio,Christley,Engineering_20,3,2019/05/27
300,Mellicent,Desaur,Engineering_20,10,2019/05/27
301,Ludovico,Orridge,Engineering_20,10,2019/05/27
302,Chantal,Mailes,Engineering_20,10,2019/05/27
303,Fax,Schankelborg,Engineering_20,10,2019/05/27
304,Kellie,Tanguy,Engineering_20,10,2019/05/27
305,Yalonda,Beacom,Engineering_20,10,2019/05/27
306,Tab,Shitliff,Engineering_20,10,2019/05/27
307,Tobie,Culcheth,Engineering_20,10,2019/05/27
308,Gerianne,Bagge,Engineering_21,8,2019/07/15
309,William,Tomlett,Engineering_21,8,2019/07/15
310,Teddie,Kemet,Engineering_21,8,2019/07/15
311,Artur,Domaschke,Engineering_21,8,2019/07/15
312,Terrie,Mackibbon,Engineering_21,8,2019/07/15
313,Ignacius,Pleasaunce,Engineering_21,8,2019/07/15
314,Liane,Lorente,Engineering_21,8,2019/07/15
315,Sosanna,Rawlings,Engineering_21,8,2019/07/15
316,Allistir,Langrick,Engineering_21,8,2019/07/15
317,Honor,Huntall,Engineering_21,8,2019/07/15
318,Natassia,Pawle,Engineering_21,8,2019/07/15
319,Haywood,Teager,Engineering_21,8,2019/07/15
320,Marillin,Rosendall,Engineering_21,8,2019/07/15
321,Giustina,Catford,Engineering_22,8,2019/07/22
322,Kore,Amburgy,Engineering_22,8,2019/07/22
323,Constance,Fellibrand,Engineering_22,8,2019/07/22
324,Rickard,Blakes,Engineering_22,8,2019/07/22
325,Noe,Fortnam,Engineering_22,8,2019/07/22
326,Cherrita,Mcgilleghole,Engineering_22,8,2019/07/22
327,Charmain,Diben,Engineering_22,2,2019/07/22
328,Bunny,Barns,Engineering_22,8,2019/07/22
329,Brewer,Calderbank,Engineering_23,2,2019/08/12
330,Fons,Ghiotto,Engineering_23,10,2019/08/12
331,Evin,DeRoeck,Engineering_23,10,2019/08/12
332,Maxy,Bensen,Engineering_23,10,2019/08/12
333,Calida,Behr,Engineering_23,10,2019/08/12
334,Dannel,Longmaid,Engineering_23,10,2019/08/12
335,Sarah,Magor,Engineering_23,10,2019/08/12
336,Alistair,Scanes,Engineering_23,10,2019/08/12
337,Homere,Stentiford,Engineering_23,10,2019/08/12
338,Alvie,Bleackly,Engineering_23,10,2019/08/12
339,Brnaby,Bownes,Engineering_23,1,2019/08/12
340,Blake,Nunson,Engineering_24,8,2019/09/16
341,Deirdre,VanDenVelde,Engineering_24,8,2019/09/16
342,Brose,Menghi,Engineering_24,8,2019/09/16
343,Edithe,Dimitrov,Engineering_24,8,2019/09/16
344,Demetrius,Tunstall,Engineering_24,3,2019/09/16
345,Chucho,Galfour,Engineering_24,8,2019/09/16
346,Mozelle,Grinnov,Engineering_24,8,2019/09/16
347,Roze,Yepiskopov,Engineering_24,8,2019/09/16
348,Denise,Oppy,Engineering_24,8,2019/09/16
349,Rafi,Downse,Engineering_24,8,2019/09/16
350,Camellia,Bette,Engineering_24,8,2019/09/16
351,Care,Ife,Engineering_24,8,2019/09/16
352,Vance,Fey,Engineering_25,2,2019/09/23
353,Dulcine,Duffil,Engineering_25,10,2019/09/23
354,Nona,Coghlan,Engineering_25,10,2019/09/23
355,Dorette,Landall,Engineering_25,3,2019/09/23
356,Valdemar,Smithen,Engineering_25,10,2019/09/23
357,Norene,Dericut,Engineering_25,10,2019/09/23
358,Jillian,Wenn,Engineering_25,10,2019/09/23
359,Saraann,Elcombe,Engineering_25,2,2019/09/23
360,Jenn,Blitz,Engineering_26,8,2019/10/28
361,Chandra,Best,Engineering_26,8,2019/10/28
362,Boniface,Tansley,Engineering_26,8,2019/10/28
363,Cristal,Jeans,Engineering_26,8,2019/10/28
364,Urson,Sibthorp,Engineering_26,2,2019/10/28
365,Vernon,Bennough,Engineering_26,8,2019/10/28
366,Payton,Turbard,Engineering_26,8,2019/10/28
367,Lilly,Andreasen,Engineering_26,8,2019/10/28
368,Dixie,O'Flaherty,Engineering_26,8,2019/10/28
369,Engelbert,Palatino,Engineering_26,8,2019/10/28
370,Dudley,Whiles,Engineering_26,8,2019/10/28
371,Tory,Aireton,Engineering_27,10,2019/11/25
372,Kelly,Coneybeer,Engineering_27,10,2019/11/25
373,Mic,Wilshire,Engineering_27,10,2019/11/25
374,Florella,Boays,Engineering_27,10,2019/11/25
375,Marshal,Darycott,Engineering_27,10,2019/11/25
376,Elva,Boldero,Engineering_27,10,2019/11/25
377,Archibold,Spikeings,Engineering_27,10,2019/11/25
378,Anatole,Burston,Engineering_27,10,2019/11/25
379,Gabbey,Caesman,Engineering_27,10,2019/11/25
380,Conny,Samms,Engineering_28,3,2019/12/16
381,Karyn,Huortic,Engineering_28,8,2019/12/16
382,Giacopo,Kyndred,Engineering_28,1,2019/12/16
383,Fin,Lung,Engineering_28,2,2019/12/16
384,Marja,Morfield,Engineering_28,8,2019/12/16
385,Gussy,Stoving,Engineering_28,8,2019/12/16
386,Leena,Joselevitch,Engineering_28,8,2019/12/16
387,Lazare,Nellies,Engineering_28,8,2019/12/16
388,Flore,Masden,Engineering_29,3,2019/12/30
389,Benita,Downgate,Engineering_29,1,2019/12/30
390,Clark,Kovacs,Engineering_29,8,2019/12/30
391,Horten,Koomar,Engineering_29,8,2019/12/30
392,Moritz,Mosedall,Engineering_29,8,2019/12/30
393,Chaim,Inseal,Engineering_29,8,2019/12/30
394,Gertruda,Syddie,Engineering_29,8,2019/12/30
395,Thom,Derwin,Engineering_29,8,2019/12/30
396,Godfry,Sephton,Engineering_29,8,2019/12/30
